网站名称,网站地址,主域,备案号
WPS Office在线商店,www.wpsgo.com,wpsgo.com,粤ICP备13015957号-6
WPS订单管理系统,www.wpsit.cn,wpsit.cn,粤ICP备13015957号-33
KSO部门主域名,www.ksosoft.com,ksosoft.com,粤ICP备13015957号-15
WPS+一站式云办公服务试用站点,www.wpsep.net,wpsep.net,粤ICP备13015957号-19
WPS秀堂,www.xiutang01.cn,xiutang15.cn,粤ICP备13015957号-22
WPS秀堂,www.xiutang01.cn,xiutang02.cn,粤ICP备13015957号-22
安卓运营服务,www.kingsoft-office-service.com,kingsoft-office-service.com,粤ICP备13015957号-21
KSO应用服务中心,www.ksoapp.com,ksoapp.com,粤ICP备13015957号-24
URL地址跳转服务,www.springen.cn,springen.cn,粤ICP备13015957号-25
WPS Office 官方网站,www.wps.cn,wps.cn,粤ICP备13015957号-1
WPS云办公官方网站,www.qwps.net,qwps.net,粤ICP备13015957号-32
秀堂,www.wpsxiu.cn,coh5.cn,粤ICP备13015957号-13
秀堂,www.wpsxiu.cn,wps-h5.cn,粤ICP备13015957号-13
WPS云协作园区版,www.wpseco.cn,wpseco.cn,粤ICP备13015957号-18
心得学习,www.xindexuexi.com,xindexuexi.com,粤ICP备13015957号-28
心得学习,www.xindexuexi.com,xindexuexi.cn,粤ICP备13015957号-28
金山办公软件运营研发,www.ksord.com,ksord.com,粤ICP备13015957号-20
WPS秀堂,www.xiutang01.cn,xiutang16.cn,粤ICP备13015957号-22
WPS秀堂,www.xiutang01.cn,xiutang13.cn,粤ICP备13015957号-22
WPS秀堂,www.xiutang01.cn,xiutang09.cn,粤ICP备13015957号-22
WPS秀堂,www.xiutang01.cn,xiutang08.cn,粤ICP备13015957号-22
WPS秀堂,www.xiutang01.cn,xiutang06.cn,粤ICP备13015957号-22
WPS秀堂,www.xiutang01.cn,xiutang04.cn,粤ICP备13015957号-22
WPS秀堂,www.xiutang01.cn,xiutang03.cn,粤ICP备13015957号-22
WPS 一站式办公云平台,www.wpsplus.com,wpsplus.com,粤ICP备13015957号-23
金山PDF官网,www.wpspdf.cn,wpspdf.cn,粤ICP备13015957号-30
知识返利,www.zhishifanli.com,zhishifanli.com,粤ICP备13015957号-27
WPS CDN源,www.wpscdn.com,wpscdn.com,粤ICP备13015957号-31
金山打字通官方网站,www.typeeasy.cn,typeeasy.cn,粤ICP备13015957号-3
金山打字通官方网站,www.typeeasy.cn,typeeasy.net,粤ICP备13015957号-3
金山打字通官方网站,www.51dzt.com,51dzt.com,粤ICP备13015957号-4
WPS云办公官方网站,www.qwps.com,qwps.com,粤ICP备13015957号-5
秀堂,www.wpsxiu.cn,xiutangh5.cn,粤ICP备13015957号-13
稻壳儿,www.docer.com,docer.com,粤ICP备13015957号-7
WPS CDN源,www.wpscdn.cn,wpscdn.cn,粤ICP备13015957号-9
WPS秀堂,www.xiutang01.cn,xiutang01.cn,粤ICP备13015957号-22
WPS秀堂,www.xiutang01.cn,xiutang20.cn,粤ICP备13015957号-22
WPS秀堂,www.xiutang01.cn,xiutang19.cn,粤ICP备13015957号-22
WPS秀堂,www.xiutang01.cn,xiutang18.cn,粤ICP备13015957号-22
WPS秀堂,www.xiutang01.cn,xiutang17.cn,粤ICP备13015957号-22
WPS秀堂,www.xiutang01.cn,xiutang14.cn,粤ICP备13015957号-22
WPS秀堂,www.xiutang01.cn,xiutang12.cn,粤ICP备13015957号-22
WPS秀堂,www.xiutang01.cn,xiutang11.cn,粤ICP备13015957号-22
WPS秀堂,www.xiutang01.cn,xiutang10.cn,粤ICP备13015957号-22
WPS秀堂,www.xiutang01.cn,xiutang07.cn,粤ICP备13015957号-22
WPS秀堂,www.xiutang01.cn,xiutang05.cn,粤ICP备13015957号-22
知识返利,www.zhishifanli.com,zhishifanli.com.cn,粤ICP备13015957号-27
知识返利,www.zhishifanli.com,zhishifanli.cn,粤ICP备13015957号-27
WPS邮箱,www.wpsmail.net,wpsmail.net,粤ICP备13015957号-10
易传播,www.z211.vip,z211.vip,粤ICP备13015957号-12
WPS云办公官方网站,www.qwps.com,qwps.cn,粤ICP备13015957号-5
易推广,www.z211.top,z211.top,粤ICP备13015957号-11
wps支付服务,www.wpspay.cn,wpspay.cn,粤ICP备13015957号-14
秀堂,www.wpsxiu.cn,wpsxiu.cn,粤ICP备13015957号-13
